cond,seed,step,kl_logged,genuine_correct,intermediate,leakage,format_valid
BASELINE,42,5,9.778671665117145e-05,1.0,1.0,0.0,1.0
BASELINE,42,10,5.150808283360675e-05,0.9047619047619048,0.9047619047619048,0.0,1.0
BASELINE,42,15,6.680329443042865e-05,1.0,1.0,0.0,1.0
BASELINE,42,20,7.004825602052733e-05,0.9523809523809523,0.9523809523809523,0.0,1.0
BASELINE,42,25,4.437110601429595e-05,1.0,1.0,0.0,1.0
BASELINE,42,30,4.514254305831855e-05,0.9047619047619048,0.9047619047619048,0.0,1.0
BASELINE,42,35,5.2218222208466614e-05,0.9523809523809523,0.9523809523809523,0.0,1.0
BASELINE,42,40,5.076357410871424e-05,0.8571428571428571,0.8571428571428571,0.0,1.0
BASELINE,42,45,5.8145536058873404e-05,0.9047619047619048,0.9047619047619048,0.0,1.0
BASELINE,42,50,4.862788955506403e-05,0.8571428571428571,0.8571428571428571,0.0,1.0
BASELINE,42,55,4.043881381221581e-05,0.9047619047619048,0.9047619047619048,0.0,1.0
BASELINE,42,60,3.675648122225539e-05,0.8095238095238095,0.8095238095238095,0.0,1.0
BASELINE,42,65,4.5232266529637855e-05,0.9047619047619048,0.9047619047619048,0.0,1.0
BASELINE,42,70,5.361925286706537e-05,0.8571428571428571,0.8571428571428571,0.0,1.0
BASELINE,42,75,5.2264905207266565e-05,0.7619047619047619,0.7619047619047619,0.0,1.0
BASELINE,42,80,4.255813519193907e-05,0.8095238095238095,0.8095238095238095,0.0,1.0
BASELINE,42,85,4.973113482265035e-05,0.8095238095238095,0.8095238095238095,0.0,1.0
BASELINE,42,90,4.660545255319448e-05,0.8571428571428571,0.8571428571428571,0.0,1.0
BASELINE,42,95,5.519665546671604e-05,0.9047619047619048,0.9047619047619048,0.0,1.0
BASELINE,42,100,5.384538781072479e-05,0.9047619047619048,0.9047619047619048,0.0,1.0
BASELINE,42,105,4.660545164369978e-05,0.9047619047619048,0.9047619047619048,0.0,1.0
BASELINE,42,110,4.5868292090744944e-05,0.9047619047619048,0.9047619047619048,0.0,1.0
BASELINE,42,115,4.4991140384809114e-05,0.9047619047619048,0.9047619047619048,0.0,1.0
BASELINE,42,120,5.305350032358547e-05,0.9047619047619048,0.9047619047619048,0.0,1.0
BASELINE,42,125,4.939061363984365e-05,0.8571428571428571,0.8571428571428571,0.0,1.0
BASELINE,42,130,5.3073802973813144e-05,0.9523809523809523,0.9523809523809523,0.0,1.0
BASELINE,42,135,5.005111052014399e-05,0.9047619047619048,0.9047619047619048,0.0,1.0
BASELINE,42,140,5.43933201697655e-05,0.9047619047619048,0.9047619047619048,0.0,1.0
BASELINE,42,145,6.062792954253382e-05,0.9047619047619048,0.9047619047619048,0.0,1.0
BASELINE,42,150,5.519335263670655e-05,0.8571428571428571,0.8571428571428571,0.0,1.0
BASELINE,43,5,4.8459507524967194e-05,1.0,1.0,0.0,1.0
BASELINE,43,10,4.2267307435395196e-05,0.9047619047619048,0.9047619047619048,0.0,1.0
BASELINE,43,15,4.3553849536692724e-05,1.0,1.0,0.0,1.0
BASELINE,43,20,4.5075384150550235e-05,0.7619047619047619,0.7619047619047619,0.0,1.0
BASELINE,43,25,5.0385098347760504e-05,0.8095238095238095,0.8095238095238095,0.0,1.0
BASELINE,43,30,4.85679324810917e-05,0.6666666666666666,0.6666666666666666,0.0,1.0
BASELINE,43,35,6.524890841319575e-05,0.6666666666666666,0.6666666666666666,0.0,1.0
BASELINE,43,40,4.845041166845476e-05,0.7619047619047619,0.7619047619047619,0.0,1.0
BASELINE,43,45,4.336321899245377e-05,0.7619047619047619,0.7619047619047619,0.0,1.0
BASELINE,43,50,4.6611245124950074e-05,0.7619047619047619,0.7619047619047619,0.0,1.0
BASELINE,43,55,4.793916559719946e-05,0.7619047619047619,0.7619047619047619,0.0,1.0
BASELINE,43,60,5.281978883431293e-05,0.7619047619047619,0.7619047619047619,0.0,1.0
BASELINE,43,65,4.795023323822534e-05,0.7619047619047619,0.7619047619047619,0.0,1.0
BASELINE,43,70,4.103697028767783e-05,0.7619047619047619,0.7619047619047619,0.0,1.0
BASELINE,43,75,4.804239461009274e-05,0.7619047619047619,0.7619047619047619,0.0,1.0
BASELINE,43,80,3.947317691199714e-05,0.7619047619047619,0.7619047619047619,0.0,1.0
BASELINE,43,85,4.0738262669037795e-05,0.7619047619047619,0.7619047619047619,0.0,1.0
BASELINE,43,90,4.935456172461272e-05,0.8095238095238095,0.8095238095238095,0.0,1.0
BASELINE,43,95,4.934685057378374e-05,0.7619047619047619,0.7619047619047619,0.0,1.0
BASELINE,43,100,5.1497549065970816e-05,0.7619047619047619,0.7619047619047619,0.0,1.0
BASELINE,43,105,5.13077607138257e-05,0.7619047619047619,0.7619047619047619,0.0,1.0
BASELINE,43,110,4.662904484575847e-05,0.7619047619047619,0.7619047619047619,0.0,1.0
BASELINE,43,115,5.5498882375104586e-05,0.7619047619047619,0.7619047619047619,0.0,1.0
BASELINE,43,120,4.587144030665513e-05,0.7619047619047619,0.7619047619047619,0.0,1.0
BASELINE,43,125,3.9768891838321e-05,0.7619047619047619,0.7619047619047619,0.0,1.0
BASELINE,43,130,5.076357410871424e-05,0.8095238095238095,0.8095238095238095,0.0,1.0
BASELINE,43,135,4.007004872619291e-05,0.7619047619047619,0.7619047619047619,0.0,1.0
BASELINE,43,140,4.798339432454668e-05,0.8095238095238095,0.8095238095238095,0.0,1.0
BASELINE,43,145,6.359921417242731e-05,0.7619047619047619,0.7619047619047619,0.0,1.0
BASELINE,43,150,4.119352524867281e-05,0.7619047619047619,0.7619047619047619,0.0,1.0
BASELINE,44,5,4.213543434161693e-05,0.9523809523809523,0.9523809523809523,0.0,1.0
BASELINE,44,10,8.205659560189815e-05,0.8571428571428571,0.8571428571428571,0.0,1.0
BASELINE,44,15,0.00014550017658621073,0.6666666666666666,0.6666666666666666,0.0,1.0
BASELINE,44,20,4.386405271361582e-05,0.7619047619047619,0.7619047619047619,0.0,1.0
BASELINE,44,25,9.24266096262727e-05,0.8095238095238095,0.8095238095238095,0.0,1.0
BASELINE,44,30,5.435159891931107e-05,0.6190476190476191,0.6190476190476191,0.0,1.0
BASELINE,44,35,7.398167508654296e-05,0.7142857142857143,0.6666666666666666,0.0,1.0
BASELINE,44,40,7.652133172086906e-05,0.5238095238095238,0.42857142857142855,0.0,1.0
BASELINE,44,45,6.047302576916991e-05,0.5714285714285714,0.47619047619047616,0.0,1.0
BASELINE,44,50,5.8150491895503365e-05,0.5714285714285714,0.47619047619047616,0.0,1.0
BASELINE,44,55,9.234893195753102e-05,0.5714285714285714,0.47619047619047616,0.0,1.0
BASELINE,44,60,5.977035698379041e-05,0.5714285714285714,0.47619047619047616,0.0,1.0
BASELINE,44,65,7.834133157302858e-05,0.5714285714285714,0.47619047619047616,0.0,1.0
BASELINE,44,70,6.0994089380983496e-05,0.5714285714285714,0.47619047619047616,0.0,1.0
BASELINE,44,75,6.711457081109984e-05,0.5714285714285714,0.47619047619047616,0.0,1.0
BASELINE,44,80,8.276688276964705e-05,0.47619047619047616,0.47619047619047616,0.0,1.0
BASELINE,44,85,9.081384541786974e-05,0.47619047619047616,0.47619047619047616,0.0,1.0
BASELINE,44,90,6.534207068398246e-05,0.47619047619047616,0.47619047619047616,0.0,1.0
BASELINE,44,95,4.4710017391480505e-05,0.5714285714285714,0.5238095238095238,0.0,1.0
BASELINE,44,100,9.314665066995076e-05,0.47619047619047616,0.47619047619047616,0.0,1.0
BASELINE,44,105,6.29390669928398e-05,0.5238095238095238,0.47619047619047616,0.0,1.0
BASELINE,44,110,7.241462935780874e-05,0.5714285714285714,0.5238095238095238,0.0,1.0
BASELINE,44,115,8.839322345011169e-05,0.5714285714285714,0.47619047619047616,0.0,1.0
BASELINE,44,120,5.789680017187493e-05,0.5714285714285714,0.5238095238095238,0.0,1.0
BASELINE,44,125,6.0383302752597956e-05,0.5714285714285714,0.47619047619047616,0.0,1.0
BASELINE,44,130,7.413555431412533e-05,0.5238095238095238,0.47619047619047616,0.0,1.0
BASELINE,44,135,6.306372370090685e-05,0.5238095238095238,0.47619047619047616,0.0,1.0
BASELINE,44,140,7.09092678334855e-05,0.5238095238095238,0.47619047619047616,0.0,1.0
BASELINE,44,145,8.533917389286216e-05,0.5238095238095238,0.47619047619047616,0.0,1.0
BASELINE,44,150,7.549097153969342e-05,0.5238095238095238,0.47619047619047616,0.0,1.0
BASELINE,45,5,6.127004144218517e-05,1.0,1.0,0.0,1.0
BASELINE,45,10,4.321639289628365e-05,1.0,1.0,0.0,1.0
BASELINE,45,15,7.727422780590132e-05,0.8571428571428571,0.8571428571428571,0.0,1.0
BASELINE,45,20,5.64527440474194e-05,0.9523809523809523,0.9523809523809523,0.0,1.0
BASELINE,45,25,5.5042782605596585e-05,0.8095238095238095,0.8095238095238095,0.0,1.0
BASELINE,45,30,5.520127342606429e-05,1.0,1.0,0.0,1.0
BASELINE,45,35,5.7704216942511266e-05,0.9523809523809523,0.9523809523809523,0.0,1.0
BASELINE,45,40,6.230969211173942e-05,1.0,1.0,0.0,1.0
BASELINE,45,45,9.232227785105351e-05,0.9523809523809523,0.9523809523809523,0.0,1.0
BASELINE,45,50,6.0476035287138075e-05,0.9047619047619048,0.9047619047619048,0.0,1.0
BASELINE,45,55,4.667623034038115e-05,0.9047619047619048,0.9047619047619048,0.0,1.0
BASELINE,45,60,5.2821555073023774e-05,0.9047619047619048,0.9047619047619048,0.0,1.0
BASELINE,45,65,6.410418291125097e-05,0.8571428571428571,0.8571428571428571,0.0,1.0
BASELINE,45,70,8.122473445837386e-05,0.8571428571428571,0.8571428571428571,0.0,1.0
BASELINE,45,75,5.999985387461493e-05,0.8571428571428571,0.8571428571428571,0.0,1.0
BASELINE,45,80,6.648741054959828e-05,0.8095238095238095,0.8095238095238095,0.0,1.0
BASELINE,45,85,4.5196480186859844e-05,0.8571428571428571,0.8571428571428571,0.0,1.0
BASELINE,45,90,6.261406906560296e-05,0.8095238095238095,0.8095238095238095,0.0,1.0
BASELINE,45,95,4.3972085222776514e-05,0.9523809523809523,0.9523809523809523,0.0,1.0
BASELINE,45,100,3.487116555334069e-05,0.9523809523809523,0.9523809523809523,0.0,1.0
BASELINE,45,105,5.147606134414673e-05,0.9047619047619048,0.9047619047619048,0.0,1.0
BASELINE,45,110,6.0657022913801484e-05,0.9047619047619048,0.9047619047619048,0.0,1.0
BASELINE,45,115,5.1692336910491576e-05,0.9047619047619048,0.9047619047619048,0.0,1.0
BASELINE,45,120,4.818269189854618e-05,0.9047619047619048,0.9047619047619048,0.0,1.0
BASELINE,45,125,5.7827043292491e-05,0.8571428571428571,0.8571428571428571,0.0,1.0
BASELINE,45,130,5.301710598359932e-05,0.8571428571428571,0.8571428571428571,0.0,1.0
BASELINE,45,135,5.512436109711416e-05,0.9047619047619048,0.9047619047619048,0.0,1.0
BASELINE,45,140,5.4827993153594434e-05,0.9047619047619048,0.9047619047619048,0.0,1.0
BASELINE,45,145,4.513944804784842e-05,0.9047619047619048,0.9047619047619048,0.0,1.0
BASELINE,45,150,5.032639546698192e-05,0.9523809523809523,0.9523809523809523,0.0,1.0
MAIN,42,5,8.13801889307797e-05,1.0,1.0,0.0,1.0
MAIN,42,10,4.4889896344102453e-05,1.0,1.0,0.0,1.0
MAIN,42,15,4.759784633279196e-05,1.0,1.0,0.0,1.0
MAIN,42,20,4.96485208714148e-05,1.0,1.0,0.0,1.0
MAIN,42,25,4.427804196893703e-05,1.0,1.0,0.0,1.0
MAIN,42,30,5.087570889372728e-05,1.0,1.0,0.0,1.0
MAIN,42,35,3.888851369993063e-05,0.8571428571428571,0.8571428571428571,0.0,1.0
MAIN,42,40,4.652802545024315e-05,0.9047619047619048,0.9047619047619048,0.0,1.0
MAIN,42,45,4.7412137064384297e-05,1.0,1.0,0.0,1.0
MAIN,42,50,4.599923613568535e-05,1.0,1.0,0.0,1.0
MAIN,42,55,4.231069260640652e-05,1.0,1.0,0.0,1.0
MAIN,42,60,3.6707093840959715e-05,0.9523809523809523,0.9523809523809523,0.0,1.0
MAIN,42,65,4.5233718083181884e-05,0.8571428571428571,0.8571428571428571,0.0,1.0
MAIN,42,70,5.427464748208877e-05,0.8571428571428571,0.8571428571428571,0.0,1.0
MAIN,42,75,5.807554134662496e-05,0.9523809523809523,0.9523809523809523,0.0,1.0
MAIN,42,80,3.655842556327116e-05,0.8571428571428571,0.8571428571428571,0.0,1.0
MAIN,42,85,3.979810389864724e-05,0.9523809523809523,0.9523809523809523,0.0,1.0
MAIN,42,90,4.934271055390127e-05,0.9523809523809523,0.9523809523809523,0.0,1.0
MAIN,42,95,4.5456935367838014e-05,0.9047619047619048,0.9047619047619048,0.0,1.0
MAIN,42,100,4.572410898617818e-05,1.0,1.0,0.0,1.0
MAIN,42,105,4.797366818820592e-05,0.9047619047619048,0.9047619047619048,0.0,1.0
MAIN,42,110,4.8648933898221e-05,0.9523809523809523,0.9523809523809523,0.0,1.0
MAIN,42,115,5.145219211044605e-05,0.9047619047619048,0.9047619047619048,0.0,1.0
MAIN,42,120,4.6605037823610473e-05,0.9047619047619048,0.9047619047619048,0.0,1.0
MAIN,42,125,5.144279566593468e-05,0.9047619047619048,0.9047619047619048,0.0,1.0
MAIN,42,130,5.071320356364595e-05,0.8571428571428571,0.8571428571428571,0.0,1.0
MAIN,42,135,5.371497172745876e-05,0.8571428571428571,0.8571428571428571,0.0,1.0
MAIN,42,140,4.9354301154380664e-05,0.8571428571428571,0.8571428571428571,0.0,1.0
MAIN,42,145,5.3058628509461414e-05,1.0,1.0,0.0,1.0
MAIN,42,150,4.72580877612927e-05,0.9047619047619048,0.9047619047619048,0.0,1.0
MAIN,43,5,1.5855650417506695e-05,1.0,1.0,0.0,1.0
MAIN,43,10,0.0001316208072239533,1.0,1.0,0.0,1.0
MAIN,43,15,5.832696751895128e-05,1.0,1.0,0.0,1.0
MAIN,43,20,5.768444907516823e-05,1.0,1.0,0.0,1.0
MAIN,43,25,4.389984314911999e-05,0.9523809523809523,0.9523809523809523,0.0,1.0
MAIN,43,30,3.7008609069744125e-05,0.9523809523809523,0.9523809523809523,0.0,1.0
MAIN,43,35,5.310965525495703e-05,0.8571428571428571,0.8571428571428571,0.0,1.0
MAIN,43,40,5.130883801029995e-05,0.9047619047619048,0.9047619047619048,0.0,1.0
MAIN,43,45,4.5115608372725546e-05,0.9047619047619048,0.9047619047619048,0.0,1.0
MAIN,43,50,4.496839346757042e-05,1.0,1.0,0.0,1.0
MAIN,43,55,5.358968519431073e-05,0.9523809523809523,0.9523809523809523,0.0,1.0
MAIN,43,60,5.421147488959832e-05,0.9523809523809523,0.9523809523809523,0.0,1.0
MAIN,43,65,4.5771183067699894e-05,1.0,1.0,0.0,1.0
MAIN,43,70,4.452047141967341e-05,1.0,1.0,0.0,1.0
MAIN,43,75,5.3481528084375896e-05,1.0,1.0,0.0,1.0
MAIN,43,80,4.542235728877131e-05,1.0,1.0,0.0,1.0
MAIN,43,85,4.57320948044071e-05,1.0,1.0,0.0,1.0
MAIN,43,90,5.218705973675242e-05,1.0,1.0,0.0,1.0
MAIN,43,95,5.208866605244111e-05,1.0,1.0,0.0,1.0
MAIN,43,100,5.0063151775248116e-05,1.0,1.0,0.0,1.0
MAIN,43,105,5.1861756219295785e-05,1.0,1.0,0.0,1.0
MAIN,43,110,5.084193298898754e-05,1.0,1.0,0.0,1.0
MAIN,43,115,5.050003619544441e-05,1.0,1.0,0.0,1.0
MAIN,43,120,3.478016151348129e-05,1.0,1.0,0.0,1.0
MAIN,43,125,4.468165752768982e-05,0.9523809523809523,0.9523809523809523,0.0,1.0
MAIN,43,130,4.9361586661689216e-05,1.0,1.0,0.0,1.0
MAIN,43,135,5.0549291700008325e-05,0.9523809523809523,0.9523809523809523,0.0,1.0
MAIN,43,140,4.800305759999901e-05,0.9523809523809523,0.9523809523809523,0.0,1.0
MAIN,43,145,4.5559774662251584e-05,1.0,1.0,0.0,1.0
MAIN,43,150,4.6386684971366776e-05,1.0,1.0,0.0,1.0
MAIN,44,5,0.00013240606403996935,1.0,1.0,0.0,1.0
MAIN,44,10,0.00013662341916642617,0.9523809523809523,0.9523809523809523,0.0,1.0
MAIN,44,15,9.648365630710032e-05,0.9047619047619048,0.9047619047619048,0.0,1.0
MAIN,44,20,0.00032882527830224717,1.0,1.0,0.0,1.0
MAIN,44,25,7.733782058494398e-05,0.9523809523809523,0.9523809523809523,0.0,1.0
MAIN,44,30,6.898462834215024e-05,0.9523809523809523,0.9523809523809523,0.0,1.0
MAIN,44,35,5.137461994308978e-05,0.9047619047619048,0.9047619047619048,0.0,1.0
MAIN,44,40,5.618835712084547e-05,1.0,1.0,0.0,1.0
MAIN,44,45,7.938938688312192e-05,0.9047619047619048,0.9047619047619048,0.0,1.0
MAIN,44,50,6.316185317700729e-05,0.8095238095238095,0.8095238095238095,0.0,1.0
MAIN,44,55,7.184643436630722e-05,0.6666666666666666,0.6666666666666666,0.0,1.0
MAIN,44,60,6.19267320871586e-05,0.6666666666666666,0.6666666666666666,0.0,1.0
MAIN,44,65,4.686650572693907e-05,0.7619047619047619,0.7619047619047619,0.0,1.0
MAIN,44,70,7.139340596040711e-05,0.8571428571428571,0.8571428571428571,0.0,1.0
MAIN,44,75,0.0001529557030153228,0.8571428571428571,0.8571428571428571,0.0,1.0
MAIN,44,80,6.721707723045256e-05,0.8095238095238095,0.8095238095238095,0.0,1.0
MAIN,44,85,7.998210821824614e-05,0.8571428571428571,0.8571428571428571,0.0,1.0
MAIN,44,90,8.005196650628932e-05,0.7619047619047619,0.7619047619047619,0.0,1.0
MAIN,44,95,0.00017393255620845594,0.8571428571428571,0.8571428571428571,0.0,1.0
MAIN,44,100,7.18861283530714e-05,0.8095238095238095,0.8095238095238095,0.0,1.0
MAIN,44,105,6.437796400859952e-05,0.7619047619047619,0.7619047619047619,0.0,1.0
MAIN,44,110,9.112769294006284e-05,0.9047619047619048,0.9047619047619048,0.0,1.0
MAIN,44,115,8.884509406925645e-05,0.8095238095238095,0.8095238095238095,0.0,1.0
MAIN,44,120,6.885643870191416e-05,0.9047619047619048,0.9047619047619048,0.0,1.0
MAIN,44,125,7.557584467576817e-05,0.7619047619047619,0.7619047619047619,0.0,1.0
MAIN,44,130,7.219340386654949e-05,0.8095238095238095,0.8095238095238095,0.0,1.0
MAIN,44,135,0.00011191827070433646,0.7619047619047619,0.7619047619047619,0.0,1.0
MAIN,44,140,6.941682750039035e-05,0.8095238095238095,0.8095238095238095,0.0,1.0
MAIN,44,145,7.319598353205947e-05,0.8571428571428571,0.8571428571428571,0.0,1.0
MAIN,44,150,7.247820303746266e-05,0.8095238095238095,0.8095238095238095,0.0,1.0
MAIN,45,5,0.00012355293529253686,1.0,1.0,0.0,1.0
MAIN,45,10,0.0003280990654275229,1.0,1.0,0.0,1.0
MAIN,45,15,0.0003341329866088927,1.0,1.0,0.0,1.0
MAIN,45,20,0.00047044456005096436,1.0,1.0,0.0,1.0
MAIN,45,25,0.0003485165652818978,1.0,1.0,0.0,1.0
MAIN,45,30,0.0004785516248375643,1.0,1.0,0.0,1.0
MAIN,45,35,0.00043640637886710465,1.0,1.0,0.0,1.0
MAIN,45,40,0.00047376155998790637,0.9523809523809523,0.9047619047619048,0.0,1.0
MAIN,45,45,0.0004409421562741045,1.0,0.9523809523809523,0.0,1.0
MAIN,45,50,0.00034061659971484914,1.0,0.9047619047619048,0.0,1.0
MAIN,45,55,0.00044870972124044783,1.0,1.0,0.0,1.0
MAIN,45,60,0.00046086215297691524,1.0,1.0,0.0,1.0
MAIN,45,65,0.0004202313584755757,1.0,0.9523809523809523,0.0,1.0
MAIN,45,70,0.00045613725160364993,1.0,1.0,0.0,1.0
MAIN,45,75,0.00043866639680345543,0.9523809523809523,0.9523809523809523,0.0,1.0
MAIN,45,80,0.0004972602691850625,1.0,1.0,0.0,1.0
MAIN,45,85,0.00043234042823314667,1.0,0.9523809523809523,0.0,1.0
MAIN,45,90,0.00043982862916891463,1.0,0.9523809523809523,0.0,1.0
MAIN,45,95,0.0004336796700954437,1.0,0.9523809523809523,0.0,1.0
MAIN,45,100,0.0004137724554311717,0.9523809523809523,0.8571428571428571,0.0,1.0
MAIN,45,105,0.0004189035862509627,1.0,0.9523809523809523,0.0,1.0
MAIN,45,110,0.00044236881149117835,1.0,0.9523809523809523,0.0,1.0
MAIN,45,115,0.0004592222103383392,1.0,0.9047619047619048,0.0,1.0
MAIN,45,120,0.0004220610999254859,1.0,1.0,0.0,1.0
MAIN,45,125,0.0003480954483165988,1.0,0.9523809523809523,0.0,1.0
MAIN,45,130,0.00039771708179614507,1.0,0.9047619047619048,0.0,1.0
MAIN,45,135,0.00045144934483687393,1.0,0.9523809523809523,0.0,1.0
MAIN,45,140,0.0004221521448926069,0.9523809523809523,0.9523809523809523,0.0,1.0
MAIN,45,145,0.0004420367877173703,0.9523809523809523,0.9047619047619048,0.0,1.0
MAIN,45,150,0.00038533928182005184,1.0,1.0,0.0,1.0
